make database: "pokemon"

!!! For better working application you have to change postgres max connections!!!

Find "postgresql.conf" and change in it "max_connections" to around 15000
You can also change "shared_buffers" to 9000MB to make it working faster with large amount of cards	

Later you have to restart your server, for WINDOWS:
1-Open Run Window by Winkey + R
2-Type services.msc
3-Search Postgres service based on version installed.
4-Click stop, start or restart the service option.

For macOS:
1-On the top left of the menu bar you have the Postgres Icon
2-Click on it this opens a drop down menu
3-Click on Stop -> than click on start

Execute in query tool:
Create table GRACZ(
	ID_GRACZ SERIAL,
	NICK varchar (25),
	MAIL varchar(40),
	HASLO varchar(20),
	KASA int default 50,
	FREE DATE NOT NULL DEFAULT '2020-08-08',
	PRIMARY KEY(ID_Gracz)
);


CREATE TABLE KARTA (
	ID_KARTA int,
	NAZWA varchar(20),
	RZADKOSC varchar(20),
	GRAFIKA varchar(250),
	PRIMARY KEY(ID_KARTA)
);

CREATE TABLE GRACZ_KARTA(
	ID_GRACZ_KARTA serial,
	GRACZ_ID int,
	KARTA_ID int,
	PRIMARY KEY(ID_GRACZ_KARTA),
	FOREIGN KEY (GRACZ_ID) REFERENCES GRACZ (ID_GRACZ) ON DELETE SET NULL,
	FOREIGN KEY (KARTA_ID) REFERENCES KARTA (ID_KARTA) ON DELETE SET NULL
);

Create table WIADOMOSC(
	IMIE varchar (30),
	MAIL varchar(40),
	NUMER varchar(20),
	TEMAT varchar(60),
	TEKST varchar(2000)
);

CREATE TABLE GENERACJA (
	GEN_ONE boolean,
	GEN_TWO boolean,
	GEN_THREE boolean
);

INSERT INTO GENERACJA(GEN_ONE, GEN_TWO, GEN_THREE) VALUES
(true, false, false);

INSERT INTO KARTA(ID_KARTA, NAZWA, RZADKOSC, GRAFIKA) VALUES
(1, 'Bulbasaur', 'common', 'https://pkmncards.com/wp-content/uploads/bulbasaur-base-set-2-b2-67.jpg'),
(2, 'Ivysaur', 'uncommon', 'https://pkmncards.com/wp-content/uploads/ivysaur-base-set-2-b2-44.jpg'),
(3, 'Venusaur', 'rare', 'https://pkmncards.com/wp-content/uploads/venusaur-base-set-2-b2-18.jpg'),
(4, 'Charmander', 'common', 'https://pkmncards.com/wp-content/uploads/charmander-base-set-2-b2-69.jpg'),
(5, 'Charmeleon', 'uncommon', 'https://pkmncards.com/wp-content/uploads/charmeleon-base-set-2-b2-35.jpg'),
(6, 'Charizard', 'rare', 'https://pkmncards.com/wp-content/uploads/charizard-base-set-2-b2-4.jpg'),
(7, 'Squirtle', 'common', 'https://pkmncards.com/wp-content/uploads/squirtle-base-set-2-b2-93.jpg'),
(8, 'Wartortle', 'uncommon', 'https://pkmncards.com/wp-content/uploads/wartortle-base-set-2-b2-63-w-gold-stamp.jpg'),
(9, 'Blastoise', 'rare', 'https://pkmncards.com/wp-content/uploads/blastoise-base-set-2-b2-2.jpg'),
(10, 'Caterpie', 'common', 'https://pkmncards.com/wp-content/uploads/caterpie-base-set-2-b2-68.jpg'),
(11, 'Metapod', 'common', 'https://pkmncards.com/wp-content/uploads/metapod-base-set-2-b2-81.jpg'),
(12, 'Butterfree', 'uncommon', 'https://pkmncards.com/wp-content/uploads/butterfree-base-set-2-b2-34.jpg'),
(13, 'Weedle', 'common', 'https://pkmncards.com/wp-content/uploads/weedle-base-set-2-b2-100.jpg'),
(14, 'Kakuna', 'common', 'https://pkmncards.com/wp-content/uploads/kakuna-base-set-2-b2-47.jpg'),
(15, 'Beedrill', 'uncommon', 'https://pkmncards.com/wp-content/uploads/beedrill-base-set-2-b2-21.jpg'),
(16, 'Pidgey', 'common', 'https://pkmncards.com/wp-content/uploads/pidgey-base-set-2-b2-86.jpg'),
(17, 'Pidgeotto', 'uncommon', 'https://pkmncards.com/wp-content/uploads/pidgeotto-base-set-2-b2-28.jpg'),
(18, 'Pidgeot', 'rare', 'https://pkmncards.com/wp-content/uploads/pidgeot-base-set-2-b2-14.jpg'),
(19, 'Rattata', 'common', 'https://pkmncards.com/wp-content/uploads/rattata-base-set-2-b2-89.jpg'),
(20, 'Raticate', 'uncommon', 'https://pkmncards.com/wp-content/uploads/raticate-base-set-2-b2-58.jpg'),
(21, 'Spearow', 'common', 'https://pkmncards.com/wp-content/uploads/spearow-base-set-2-b2-92.jpg'),
(22, 'Fearow', 'uncommon', 'https://pkmncards.com/wp-content/uploads/fearow-base-set-2-b2-41.jpg'),
(23, 'Ekans', 'common', 'https://pkmncards.com/wp-content/uploads/ekans-team-rocket-tr-56.jpg'),
(24, 'Arbok', 'uncommon', 'https://pkmncards.com/wp-content/uploads/arbok-great-encounters-ge-33.jpg'),
(25, 'Pikachu', 'rare', 'https://pkmncards.com/wp-content/uploads/pikachu-wizards-black-star-promos-4.jpg'),
(26, 'Raichu', 'uncommon', 'https://pkmncards.com/wp-content/uploads/raichu-base-set-2-b2-16.jpg'),
(27, 'Sandshrew', 'common', 'https://pkmncards.com/wp-content/uploads/sandshrew-base-set-2-b2-91.jpg'),
(28, 'Sandslash', 'uncommon', 'https://pkmncards.com/wp-content/uploads/sandslash-sandstorm-ss-21.jpg'),
(29, 'Nidora', 'common', 'https://pkmncards.com/wp-content/uploads/nidoran-female-base-set-2-b2-82.jpg'),
(30, 'Nidorina', 'uncommon', 'https://pkmncards.com/wp-content/uploads/nidorina-base-set-2-b2-53.jpg'),
(31, 'Nidoqueen', 'rare', 'https://pkmncards.com/wp-content/uploads/nidoqueen-base-set-2-b2-12.jpg'),
(32, 'Nidoran', 'common', 'https://pkmncards.com/wp-content/uploads/nidoran-male-base-set-2-b2-83.jpg'),
(33, 'Nidorino', 'uncommon', 'https://pkmncards.com/wp-content/uploads/nidorino-base-set-2-b2-54.jpg'),
(34, 'Nidoking', 'rare', 'https://pkmncards.com/wp-content/uploads/nidoking-base-set-2-b2-11.jpg'),
(35, 'Clefairy', 'common', 'https://pkmncards.com/wp-content/uploads/clefairy-base-set-2-b2-6.jpg'),
(36, 'Clefable', 'uncommon', 'https://pkmncards.com/wp-content/uploads/clefable-base-set-2-b2-5.jpg'),
(37, 'Vulpix', 'uncommon', 'https://pkmncards.com/wp-content/uploads/vulpix-base-set-2-b2-99.jpg'),
(38, 'Ninetales', 'rare', 'https://pkmncards.com/wp-content/uploads/ninetales-base-set-2-b2-13.jpg'),
(39, 'Jigglypuff', 'rare', 'https://pkmncards.com/wp-content/uploads/jigglypuff-base-set-2-b2-77.jpg'),
(40, 'Wigglytuff', 'rare', 'https://pkmncards.com/wp-content/uploads/wigglytuff-base-set-2-b2-19.jpg'),
(41, 'Zubat', 'common', 'https://pkmncards.com/wp-content/uploads/zubat-mysterious-treasures-mt-108.jpg'),
(42, 'Golbat', 'uncommon', 'https://pkmncards.com/wp-content/uploads/en_US-SM1-055-golbat.jpg'),
(43, 'Oddish', 'common', 'https://pkmncards.com/wp-content/uploads/oddish-jungle-ju-58.jpg'),
(44, 'Gloom', 'uncommon', 'https://pkmncards.com/wp-content/uploads/gloom-hidden-legends-hl-35.jpg'),
(45, 'Vileplume', 'rare', 'https://pkmncards.com/wp-content/uploads/vileplume-legends-awakened-la-45.jpg'),
(46, 'Paras', 'common', 'https://pkmncards.com/wp-content/uploads/paras-base-set-2-b2-85.jpg'),
(47, 'Parasect', 'uncommon', 'https://pkmncards.com/wp-content/uploads/parasect-base-set-2-b2-55.jpg'),
(48, 'Venonat', 'common', 'https://pkmncards.com/wp-content/uploads/venonat-base-set-2-b2-97.jpg'),
(49, 'Venomoth', 'uncommon', 'https://pkmncards.com/wp-content/uploads/venomoth-base-set-2-b2-31.jpg'),
(50, 'Diglett', 'common', 'https://pkmncards.com/wp-content/uploads/diglett-base-set-2-b2-71.jpg'),
(51, 'Dugtrio', 'uncommon', 'https://pkmncards.com/wp-content/uploads/dugtrio-base-set-2-b2-23.jpg'),
(52, 'Meowth', 'common', 'https://pkmncards.com/wp-content/uploads/meowth-base-set-2-b2-80.jpg'),
(53, 'Persian', 'uncommon', 'https://pkmncards.com/wp-content/uploads/persian-base-set-2-b2-56.jpg'),
(54, 'Psyduck', 'common', 'https://pkmncards.com/wp-content/uploads/psyduck-fossil-fo-53.jpg'),
(55, 'Golduck', 'rare', 'https://pkmncards.com/wp-content/uploads/golduck-secret-wonders-sw-28.jpg'),
(56, 'Mankey', 'common', 'https://pkmncards.com/wp-content/uploads/en_US-EX06-038-mankey.jpg'),
(57, 'Primeape', 'uncommon', 'https://pkmncards.com/wp-content/uploads/en_US-BW9-060-primeape.jpg'),
(58, 'Growlithe', 'common', 'https://pkmncards.com/wp-content/uploads/growlithe-base-set-2-b2-42.jpg'),
(59, 'Arcanine', 'uncommon', 'https://pkmncards.com/wp-content/uploads/arcanine-base-set-2-b2-33.jpg'),
(60, 'Poliwag', 'common', 'https://pkmncards.com/wp-content/uploads/poliwag-base-set-2-b2-88.jpg'),
(61, 'Poliwhirl', 'uncommon', 'https://pkmncards.com/wp-content/uploads/poliwhirl-base-set-2-b2-57.jpg'),
(62, 'Poliwrath', 'rare', 'https://pkmncards.com/wp-content/uploads/poliwrath-base-set-2-b2-15.jpg'),
(63, 'Abra', 'common', 'https://pkmncards.com/wp-content/uploads/abra-base-set-2-b2-65.jpg'),
(64, 'Kadabra', 'uncommon', 'https://pkmncards.com/wp-content/uploads/kadabra-base-set-2-b2-46.jpg'),
(65, 'Alakazam', 'rare', 'https://pkmncards.com/wp-content/uploads/alakazam-base-set-2-b2-1.jpg'),
(66, 'Machop', 'common', 'https://pkmncards.com/wp-content/uploads/machop-base-set-2-b2-78.jpg'),
(67, 'Machoke', 'uncommon', 'https://pkmncards.com/wp-content/uploads/machoke-base-set-2-b2-49.jpg'),
(68, 'Machamp', 'rare', 'https://pkmncards.com/wp-content/uploads/machamp-legend-maker-lm-9.jpg'),
(69, 'Bellsprout', 'common', 'https://pkmncards.com/wp-content/uploads/bellsprout-base-set-2-b2-66.jpg'),
(70, 'Weepinbell', 'uncommon', 'https://pkmncards.com/wp-content/uploads/weepinbell-base-set-2-b2-64.jpg'),
(71, 'Victreebel', 'rare', 'https://pkmncards.com/wp-content/uploads/victreebel-base-set-2-b2-32.jpg'),
(72, 'Tentacool', 'uncommon', 'https://pkmncards.com/wp-content/uploads/tentacool-fossil-fo-56.jpg'),
(73, 'Tentacruel', 'rare', 'https://pkmncards.com/wp-content/uploads/en_US-SM10-041-tentacruel.jpg'),
(74, 'Geodude', 'common', 'https://pkmncards.com/wp-content/uploads/en_US-HF-033-geodude.jpg'),
(75, 'Graveler', 'uncommon', 'https://pkmncards.com/wp-content/uploads/en_US-HF-034-graveler.jpg'),
(76, 'Golem', 'rare', 'https://pkmncards.com/wp-content/uploads/golem-4-rising-rivals-rr-23.jpg'),
(77, 'Ponyta', 'uncommon', 'https://pkmncards.com/wp-content/uploads/en_US-XY12-019-ponyta.jpg'),
(78, 'Rapidash', 'rare', 'https://pkmncards.com/wp-content/uploads/en_US-TwentiethAnn-015-rapidash.jpg'),
(79, 'Slowpoke', 'common', 'https://pkmncards.com/wp-content/uploads/slowpoke-team-magma-vs-team-aqua-ma-45.jpg'),
(80, 'Slowbro', 'uncommon', 'https://pkmncards.com/wp-content/uploads/en_US-XY9-020-slowbro.jpg'),
(81, 'Magnemite', 'common', 'https://pkmncards.com/wp-content/uploads/magnemite-base-set-2-b2-79.jpg'),
(82, 'Magneton', 'uncommon', 'https://pkmncards.com/wp-content/uploads/magneton-base-set-2-b2-9.jpg'),
(83, 'Farfetch', 'rare', 'https://pkmncards.com/wp-content/uploads/farfetchd-base-set-2-b2-40.jpg'),
(84, 'Doduo', 'common', 'https://pkmncards.com/wp-content/uploads/doduo-base-set-2-b2-72.jpg'),
(85, 'Dodrio', 'uncommon', 'https://pkmncards.com/wp-content/uploads/dodrio-base-set-2-b2-37.jpg'),
(86, 'Seel', 'uncommon', 'https://pkmncards.com/wp-content/uploads/seel-base-set-2-b2-61.jpg'),
(87, 'Dewgong', 'rare', 'https://pkmncards.com/wp-content/uploads/dewgong-base-set-2-b2-36.jpg'),
(88, 'Grimer', 'common', 'https://pkmncards.com/wp-content/uploads/grimer-fossil-fo-48.jpg'),
(89, 'Muk', 'uncommon', 'https://pkmncards.com/wp-content/uploads/muk-legendary-collection-lc-16.jpg'),
(90, 'Shellder', 'common', 'https://pkmncards.com/wp-content/uploads/shellder-fossil-fo-54.jpg'),
(91, 'Cloyster', 'uncommon', 'https://pkmncards.com/wp-content/uploads/cloyster-delta-dragon-frontiers-df-14.jpg'),
(92, 'Gastly', 'common', 'https://pkmncards.com/wp-content/uploads/gastly-base-set-2-b2-75.jpg'),
(93, 'Hunter', 'uncommon', 'https://pkmncards.com/wp-content/uploads/haunter-base-set-2-b2-43.jpg'),
(94, 'Gengar', 'rare', 'https://pkmncards.com/wp-content/uploads/gengar-legend-maker-lm-5.jpg'),
(95, 'Onix', 'rare', 'https://pkmncards.com/wp-content/uploads/onix-base-set-2-b2-84.jpg'),
(96, 'Drowzee', 'uncommon', 'https://pkmncards.com/wp-content/uploads/drowzee-base-set-2-b2-73.jpg'),
(97, 'Hypno', 'rare', 'https://pkmncards.com/wp-content/uploads/hypno-fossil-fo-8.jpg'),
(98, 'Krabby', 'common', 'https://pkmncards.com/wp-content/uploads/krabby-fossil-fo-51.jpg'),
(99, 'Kingler', 'uncommon', 'https://pkmncards.com/wp-content/uploads/en_US-EX06-026-kingler.jpg'),
(100, 'Voltorb', 'common', 'https://pkmncards.com/wp-content/uploads/voltorb-base-set-2-b2-98.jpg'),
(101, 'Electrode', 'uncommon', 'https://pkmncards.com/wp-content/uploads/electrode-base-set-2-b2-25.jpg'),
(102, 'Exeggcute', 'uncommon', 'https://pkmncards.com/wp-content/uploads/exeggcute-base-set-2-b2-74.jpg'),
(103, 'Exeggutor', 'rare', 'https://pkmncards.com/wp-content/uploads/exeggutor-base-set-2-b2-39.jpg'),
(104, 'Cubone', 'uncommon', 'https://pkmncards.com/wp-content/uploads/cubone-base-set-2-b2-70.jpg'),
(105, 'Marowak', 'rare', 'https://pkmncards.com/wp-content/uploads/marowak-base-set-2-b2-52.jpg'),
(106, 'Hitmonlee', 'rare', 'https://pkmncards.com/wp-content/uploads/hitmonlee-fossil-fo-7.jpg'),
(107, 'Hitmonchan', 'rare', 'https://pkmncards.com/wp-content/uploads/hitmonchan-base-set-2-b2-8.jpg'),
(108, 'Lickitung', 'uncommon', 'https://pkmncards.com/wp-content/uploads/lickitung-base-set-2-b2-48.jpg'),
(109, 'Koffing', 'common', 'https://pkmncards.com/wp-content/uploads/en_US-BW8-056-koffing.jpg'),
(110, 'Weezing', 'uncommon', 'https://pkmncards.com/wp-content/uploads/en_US-HF-029-weezing.jpg'),
(111, 'Rhyhorn', 'uncommon', 'https://pkmncards.com/wp-content/uploads/rhyhorn-base-set-2-b2-90.jpg'),
(112, 'Rhydon', 'rare', 'https://pkmncards.com/wp-content/uploads/rhydon-base-set-2-b2-59.jpg'),
(113, 'Chansey', 'uncommon', 'https://pkmncards.com/wp-content/uploads/chansey-base-set-2-b2-3.jpg'),
(114, 'Tangela', 'common', 'https://pkmncards.com/wp-content/uploads/tangela-base-set-2-b2-96.jpg'),
(115, 'Kangaskhan', 'uncommon', 'https://pkmncards.com/wp-content/uploads/kangaskhan-base-set-2-b2-26.jpg'),
(116, 'Horsea', 'uncommon', 'https://pkmncards.com/wp-content/uploads/horsea-dragon-dr-33.jpg'),
(117, 'Seadra', 'rare', 'https://pkmncards.com/wp-content/uploads/en_US-DM-017-seadra.jpg'),
(118, 'Goldeen', 'common', 'https://pkmncards.com/wp-content/uploads/goldeen-base-set-2-b2-76.jpg'),
(119, 'Seaking', 'uncommon', 'https://pkmncards.com/wp-content/uploads/seaking-base-set-2-b2-60.jpg'),
(120, 'Staryou', 'common', 'https://pkmncards.com/wp-content/uploads/staryu-base-set-2-b2-95.jpg'),
(121, 'Starmie', 'uncommon', 'https://pkmncards.com/wp-content/uploads/starmie-base-set-2-b2-94.jpg'),
(122, 'Mr.Mime', 'rare', 'https://pkmncards.com/wp-content/uploads/mr.-mime-base-set-2-b2-27.jpg'),
(123, 'Scyther', 'uncommon', 'https://pkmncards.com/wp-content/uploads/scyther-base-set-2-b2-17.jpg'),
(124, 'Jynx', 'rare', 'https://pkmncards.com/wp-content/uploads/jynx-base-set-2-b2-45.jpg'),
(125, 'Electrabuzz', 'rare', 'https://pkmncards.com/wp-content/uploads/electabuzz-base-set-2-b2-24.jpg'),
(126, 'Magmar', 'rare', 'https://pkmncards.com/wp-content/uploads/magmar-base-set-2-b2-51.jpg'),
(127, 'Pinsir', 'uncommon', 'https://pkmncards.com/wp-content/uploads/pinsir-base-set-2-b2-29.jpg'),
(128, 'Tauros', 'uncommon', 'https://pkmncards.com/wp-content/uploads/tauros-base-set-2-b2-62.jpg'),
(129, 'Magikarp', 'common', 'https://pkmncards.com/wp-content/uploads/magikarp-base-set-2-b2-50.jpg'),
(130, 'Gyarados', 'legendary', 'https://pkmncards.com/wp-content/uploads/gyarados-base-set-2-b2-7.jpg'),
(131, 'Lapras', 'rare', 'https://pkmncards.com/wp-content/uploads/lapras-fossil-fo-10.jpg'),
(132, 'Ditto', 'legendary', 'https://pkmncards.com/wp-content/uploads/ditto-fossil-fo-3.jpg'),
(133, 'Eevee', 'uncommon', 'https://pkmncards.com/wp-content/uploads/en_US-TK9B-004-eevee.jpg'),
(134, 'Vaporeon', 'rare', 'https://pkmncards.com/wp-content/uploads/vaporeon-pop-series-3-6.jpg'),
(135, 'Jolteon', 'rare', 'https://pkmncards.com/wp-content/uploads/jolteon-pop-series-3-3.jpg'),
(136, 'Flareon', 'rare', 'https://pkmncards.com/wp-content/uploads/flareon-pop-series-3-2.jpg'),
(137, 'Porygon', 'rare', 'https://pkmncards.com/wp-content/uploads/en_US-Promo_HGSS-HGSS22-porygon.jpg'),
(138, 'Omanyte', 'rare', 'https://pkmncards.com/wp-content/uploads/omanyte-power-keepers-pk-56.jpg'),
(139, 'Omastar', 'legendary', 'https://pkmncards.com/wp-content/uploads/omastar-sandstorm-ss-19.jpg'),
(140, 'Kabuto', 'rare', 'https://pkmncards.com/wp-content/uploads/kabuto-fossil-fo-50.jpg'),
(141, 'Kabutops', 'legendary', 'https://pkmncards.com/wp-content/uploads/kabutops-neo-discovery-6.jpg'),
(142, 'Aerodactyl', 'legendary', 'https://pkmncards.com/wp-content/uploads/aerodactyl-legend-maker-lm-1.jpg'),
(143, 'Snorlax', 'legendary', 'https://pkmncards.com/wp-content/uploads/snorlax-base-set-2-b2-30.jpg'),
(144, 'Articuno', 'mythic', 'https://pkmncards.com/wp-content/uploads/articuno-majestic-dawn-md-1.jpg'),
(145, 'Zapdos', 'mythic', 'https://pkmncards.com/wp-content/uploads/zapdos-base-set-2-b2-20.jpg'),
(146, 'Moltres', 'mythic', 'https://pkmncards.com/wp-content/uploads/moltres-fossil-fo-12.jpg'),
(147, 'Dratini', 'uncommon', 'https://pkmncards.com/wp-content/uploads/dratini-base-set-2-b2-38.jpg'),
(148, 'Dragonair', 'rare', 'https://pkmncards.com/wp-content/uploads/dragonair-base-set-2-b2-22.jpg'),
(149, 'Dragonite', 'legendary', 'https://pkmncards.com/wp-content/uploads/dragonite-fossil-fo-4.jpg'),
(150, 'Mewtwo', 'mythic', 'https://pkmncards.com/wp-content/uploads/mewtwo-base-set-2-b2-10.jpg'),
(151, 'Mew', 'mythic', 'https://pkmncards.com/wp-content/uploads/mew-wizards-black-star-promos-9.jpg'),
(152, 'Chikorita', 'common', 'https://pkmncards.com/wp-content/uploads/chikorita-neo-genesis-53.jpg'),
(153, 'Bayleef', 'uncommon', 'https://pkmncards.com/wp-content/uploads/en_US-SM8-007-bayleef.jpg'),
(	154	,	'Meganium'	,	'rare'		,	'https://pkmncards.com/wp-content/uploads/meganium-neo-genesis-11.jpg'	),
(	155	,	'Cyndaquil'	,	'common'	,	'https://pkmncards.com/wp-content/uploads/en_US-SM8-039-cyndaquil.jpg'	),
(	156	,	'Quilava'	,	'uncommon'	,	'https://pkmncards.com/wp-content/uploads/en_US-XY8-019-quilava.jpg'	),
(	157	,	'Typhlosion'	,	'rare'		,	'https://pkmncards.com/wp-content/uploads/typhlosion-neo-genesis-17.jpg'),
(	158	,	'Totodile'	,	'common'	,	'https://pkmncards.com/wp-content/uploads/en_US-XY4-015-totodile.jpg'	),
(	159	,	'Croconaw'	,	'uncommon'	,	'https://pkmncards.com/wp-content/uploads/en_US-DM-023-croconaw.jpg'	),
(	160	,	'Feraligatr'	,	'rare'		,	'https://pkmncards.com/wp-content/uploads/feraligatr-neo-genesis-4.jpg'	),
(	161	,	'Sentret'	,	'common'	,	'https://pkmncards.com/wp-content/uploads/sentret-pop-series-7-16.jpg'	),
(	162	,	'Furret'	,	'uncommon'	,	'https://pkmncards.com/wp-content/uploads/furret-secret-wonders-sw-27.jpg'	),
(	163	,	'Hoothoot'	,	'common'	,	'https://pkmncards.com/wp-content/uploads/en_US-Promo_HGSS-HGSS05-hoothoot.jpg'	),
(	164	,	'Noctowl'	,	'uncommon'	,	'https://pkmncards.com/wp-content/uploads/noctowl-diamond-pearl-dp-34.jpg'	),
(	165	,	'Ledyba'	,	'common'	,	'https://pkmncards.com/wp-content/uploads/en_US-XY1-006-ledyba.jpg'	),
(	166	,	'Ledian'	,	'uncommon'	,	'https://pkmncards.com/wp-content/uploads/en_US-XY1-007-ledian.jpg'	),
(	167	,	'Spinarak'	,	'common'	,	'https://pkmncards.com/wp-content/uploads/en_US-XY7-005-spinarak.jpg'	),
(	168	,	'Ariados'	,	'uncommon'	,	'https://pkmncards.com/wp-content/uploads/h03-ariados-expedition.jpg'	),
(	169	,	'Crobat'	,	'uncommon'	,	'https://pkmncards.com/wp-content/uploads/h05.jpg'	),
(	170	,	'Chinchou'	,	'common'	,	'https://pkmncards.com/wp-content/uploads/en_US-BW9-035-chinchou.jpg'	),
(	171	,	'Lanturn'	,	'uncommon'	,	'https://pkmncards.com/wp-content/uploads/lanturn-legend-maker-lm-19.jpg'	),
(	172	,	'Pichu'		,	'rare'		,	'https://pkmncards.com/wp-content/uploads/pichu-neo-genesis-12.jpg'	),
(	173	,	'Cleffa'	,	'uncommon'	,	'https://pkmncards.com/wp-content/uploads/en_US-Promo_HGSS-HGSS12-cleffa.jpg'	),
(	174	,	'Igglybuff'	,	'uncommon'	,	'https://pkmncards.com/wp-content/uploads/en_US-HGSS1-044-igglybuff.jpg'	),
(	175	,	'Togepi'	,	'uncommon'	,	'https://pkmncards.com/wp-content/uploads/togepi-wizards-black-star-promos-30.jpg'	),
(	176	,	'Togetic'	,	'rare'		,	'https://pkmncards.com/wp-content/uploads/h27-togetic-expedition.jpg'	),
(	177	,	'Natu'		,	'common'	,	'https://pkmncards.com/wp-content/uploads/en_US-XY6-027-natu.jpg'	),
(	178	,	'Xatu'		,	'uncommon'	,	'https://pkmncards.com/wp-content/uploads/en_US-HGSS2-011-xatu.jpg'	),
(	179	,	'Mareep'	,	'common'	,	'https://pkmncards.com/wp-content/uploads/mareep-ex-trainer-kit-minun-tk2m-5.jpg'	),
(	180	,	'Flaaffy'	,	'uncommon'	,	'https://pkmncards.com/wp-content/uploads/flaaffy-pop-series-7-7.jpg'	),
(	181	,	'Ampharos'	,	'rare'		,	'https://pkmncards.com/wp-content/uploads/h01-ampharos-expedition.jpg'	),
(	182	,	'Bellossom'	,	'uncommon'	,	'https://pkmncards.com/wp-content/uploads/en_US-HGSS3-001-bellossom.jpg'	),
(	183	,	'Marill'	,	'uncommon'	,	'https://pkmncards.com/wp-content/uploads/marill-diamond-pearl-dp-88.jpg'	),
(	184	,	'Azumarill'	,	'uncommon'	,	'https://pkmncards.com/wp-content/uploads/azumarill-neo-genesis-2.jpg'	),
(	185	,	'Sudowoodo'	,	'common'	,	'https://pkmncards.com/wp-content/uploads/sudowoodo-mysterious-treasures-mt-35.jpg'	),
(	186	,	'Politoed'	,	'rare'		,	'https://pkmncards.com/wp-content/uploads/h23.jpg'	),
(	187	,	'Hoppip'	,	'common'	,	'https://pkmncards.com/wp-content/uploads/en_US-XY11-003-hoppip.jpg'	),
(	188	,	'Skiploom'	,	'uncommon'	,	'https://pkmncards.com/wp-content/uploads/en_US-BW6-002-skiploom.jpg'	),
(	189	,	'Jumpluff'	,	'rare'		,	'https://pkmncards.com/wp-content/uploads/en_US-BW6-003-jumpluff.jpg'	),
(	190	,	'Aipom'		,	'common'	,	'https://pkmncards.com/wp-content/uploads/aipom-neo-genesis-26.jpg'	),
(	191	,	'Sunkern'	,	'common'	,	'https://pkmncards.com/wp-content/uploads/en_US-SM12-007-sunkern.jpg'	),
(	192	,	'Sunflora'	,	'uncommon'	,	'https://pkmncards.com/wp-content/uploads/en_US-SM12-008-sunflora.jpg'	),
(	193	,	'Yanma'		,	'common'	,	'https://pkmncards.com/wp-content/uploads/en_US-SM5-002-yanma.jpg'	),
(	194	,	'Wooper'	,	'common'	,	'https://pkmncards.com/wp-content/uploads/en_US-BW9-021-wooper.jpg'	),
(	195	,	'Quagsire'	,	'uncommon'	,	'https://pkmncards.com/wp-content/uploads/en_US-BW9-022-quagsire.jpg'	),
(	196	,	'Espeon'	,	'legendary'	,	'https://pkmncards.com/wp-content/uploads/dark-espeon-neo-destiny-4.jpg'	),
(	197	,	'Umbreon'	,	'legendary'	,	'https://pkmncards.com/wp-content/uploads/h30.jpg'	),
(	198	,	'Murkrow'	,	'uncommon'	,	'https://pkmncards.com/wp-content/uploads/murkrow-pop-series-1-8.jpg'	),
(	199	,	'Slowking'	,	'rare'		,	'https://pkmncards.com/wp-content/uploads/h22-slowking-expedition.jpg'	),
(	200	,	'Misdreavus'	,	'uncommon'	,	'https://pkmncards.com/wp-content/uploads/misdreavus-skyridge-sk-39.jpg'	),
(	201	,	'Unown'		,	'mythic'	,	'https://pkmncards.com/wp-content/uploads/unown-a-neo-discovery-14.jpg'	),
(	202	,	'Wobbuffet'	,	'uncommon'	,	'https://pkmncards.com/wp-content/uploads/en_US-Promo_HGSS-HGSS04-wobbuffet.jpg'	),
(	203	,	'Girafarig'	,	'common'	,	'https://pkmncards.com/wp-content/uploads/girafarig-mysterious-treasures-mt-49.jpg'	),
(	204	,	'Pineco'	,	'common'	,	'https://pkmncards.com/wp-content/uploads/en_US-XY2-004-pineco.jpg'	),
(	205	,	'Forretress'	,	'uncommon'	,	'https://pkmncards.com/wp-content/uploads/forretress-neo-discovery-2.jpg'	),
(	206	,	'Dunsparce'	,	'common'	,	'https://pkmncards.com/wp-content/uploads/dunsparce-legend-maker-lm-31.jpg'	),
(	207	,	'Gligar'	,	'common'	,	'https://pkmncards.com/wp-content/uploads/en_US-XY6-036-gligar.jpg'	),
(	208	,	'Steelix'	,	'rare'		,	'https://pkmncards.com/wp-content/uploads/h23-steelix-expedition.jpg'	),
(	209	,	'Snubbull'	,	'common'	,	'https://pkmncards.com/wp-content/uploads/en_US-XY0-022-snubbull.jpg'	),
(	210	,	'Granbull'	,	'uncommon'	,	'https://pkmncards.com/wp-content/uploads/en_US-XY0-023-granbull.jpg'	),
(	211	,	'Qwilfish'	,	'common'	,	'https://pkmncards.com/wp-content/uploads/en_US-XY2-021-qwilfish.jpg'	),
(	212	,	'Scizor'	,	'rare'		,	'https://pkmncards.com/wp-content/uploads/h21-scizor-expedition.jpg'	),
(	213	,	'Shuckle'	,	'common'	,	'https://pkmncards.com/wp-content/uploads/en_US-XY10-001-shuckle.jpg'	),
(	214	,	'Heracross'	,	'rare'		,	'https://pkmncards.com/wp-content/uploads/heracross-neo-genesis-6.jpg'	),
(	215	,	'Sneasel'	,	'uncommon'	,	'https://pkmncards.com/wp-content/uploads/sneasel-neo-revelation-24.jpg'	),
(	216	,	'Teddiursa'	,	'common'	,	'https://pkmncards.com/wp-content/uploads/en_US-HGSS2-065-teddiursa.jpg'	),
(	217	,	'Ursaring'	,	'rare'		,	'https://pkmncards.com/wp-content/uploads/ursaring-neo-discovery-15.jpg'	),
(	218	,	'Slugma'	,	'common'	,	'https://pkmncards.com/wp-content/uploads/en_US-XY0-006-slugma.jpg'	),
(	219	,	'Magcargo'	,	'uncommon'	,	'https://pkmncards.com/wp-content/uploads/magcargo-skyridge-sk-17.jpg'	),
(	220	,	'Swinub'	,	'common'	,	'https://pkmncards.com/wp-content/uploads/en_US-BW8-026-swinub.jpg'	),
(	221	,	'Piloswine'	,	'uncommon'	,	'https://pkmncards.com/wp-content/uploads/h22.jpg'	),
(	222	,	'Corsola'	,	'common'	,	'https://pkmncards.com/wp-content/uploads/corsola-pop-series-7-13.jpg'	),
(	223	,	'Remoraid'	,	'common'	,	'https://pkmncards.com/wp-content/uploads/en_US-BW10-018-remoraid.jpg'	),
(	224	,	'Octillery'	,	'uncommon'	,	'https://pkmncards.com/wp-content/uploads/h20-octillery-expedition.jpg'	),
(	225	,	'Delibird'	,	'uncommon'	,	'https://pkmncards.com/wp-content/uploads/delibird-pop-series-7-6.jpg'	),
(	226	,	'Mantine'	,	'uncommon'	,	'https://pkmncards.com/wp-content/uploads/en_US-Promo_SWSH-SWSH026-mantine.jpg'	),
(	227	,	'Skarmory'	,	'uncommon'	,	'https://pkmncards.com/wp-content/uploads/skarmory-neo-genesis-13.jpg'	),
(	228	,	'Houndour'	,	'common'	,	'https://pkmncards.com/wp-content/uploads/team-magmas-houndour-team-magma-vs-team-aqua-ma-35.jpg'	),
(	229	,	'Houndoom'	,	'uncommon'	,	'https://pkmncards.com/wp-content/uploads/en_US-HGSS3-005-houndoom.jpg'	),
(	230	,	'Kingdra'	,	'rare'		,	'https://pkmncards.com/wp-content/uploads/h14-kingdra-expedition.jpg'	),
(	231	,	'Phanpy'	,	'common'	,	'https://pkmncards.com/wp-content/uploads/phanpy-neo-genesis-43.jpg'	),
(	232	,	'Donphan'	,	'uncommon'	,	'https://pkmncards.com/wp-content/uploads/donphan-neo-genesis-21.jpg'	),
(	233	,	'Porygon2'	,	'rare'		,	'https://pkmncards.com/wp-content/uploads/porygon2-neo-revelation-12.jpg'	),
(	234	,	'Stantler'	,	'common'	,	'https://pkmncards.com/wp-content/uploads/stantler-pop-series-7-9.jpg'	),
(	235	,	'Smeargle'	,	'common'	,	'https://pkmncards.com/wp-content/uploads/en_US-HGSS3-008-smeargle.jpg'	),
(	236	,	'Tyrogue'	,	'rare'		,	'https://pkmncards.com/wp-content/uploads/en_US-HGSS1-033-tyrogue.jpg'	),
(	237	,	'Hitmontop'	,	'rare'		,	'https://pkmncards.com/wp-content/uploads/en_US-HGSS1-005-hitmontop.jpg'	),
(	238	,	'Smoochum'	,	'uncommon'	,	'https://pkmncards.com/wp-content/uploads/en_US-Promo_HGSS-HGSS13-smoochum.jpg'	),
(	239	,	'Elekid'	,	'uncommon'	,	'https://pkmncards.com/wp-content/uploads/en_US-HGSS4-021-elekid.jpg'	),
(	240	,	'Magby'		,	'uncommon'	,	'https://pkmncards.com/wp-content/uploads/magby-neo-genesis-23.jpg'	),
(	241	,	'Miltank'	,	'common'	,	'https://pkmncards.com/wp-content/uploads/miltank-neo-genesis-41.jpg'	),
(	242	,	'Blissey'	,	'uncommon'	,	'https://pkmncards.com/wp-content/uploads/blissey-neo-revelation-2.jpg'	),
(	243	,	'Raikou'	,	'legendary'	,	'https://pkmncards.com/wp-content/uploads/h26.jpg'	),
(	244	,	'Entei'		,	'legendary'	,	'https://pkmncards.com/wp-content/uploads/h08-entei-expedition.jpg'	),
(	245	,	'Suicune'	,	'legendary'	,	'https://pkmncards.com/wp-content/uploads/h25-suicune-expedition.jpg'	),
(	246	,	'Larvitar'	,	'uncommon'	,	'https://pkmncards.com/wp-content/uploads/en_US-XY10-041-larvitar.jpg'	),
(	247	,	'Pupitar'	,	'rare'		,	'https://pkmncards.com/wp-content/uploads/pupitar-pop-series-1-9.jpg'	),
(	248	,	'Tyranitar'	,	'legendary'	,	'https://pkmncards.com/wp-content/uploads/h28-tyranitar-expedition.jpg'	),
(	249	,	'Lugia'		,	'mythic'	,	'https://pkmncards.com/wp-content/uploads/lugia-neo-genesis-9.jpg'	),
(	250	,	'Ho-oh'		,	'mythic'	,	'https://pkmncards.com/wp-content/uploads/en_US-Promo_HGSS-HGSS01-ho_oh.jpg'	),
(	251	,	'Celebi'	,	'mythic'	,	'https://pkmncards.com/wp-content/uploads/celebi-neo-revelation-3.jpg'	),
(	252	,	'Treecko'	,	'common'	,	'https://pkmncards.com/wp-content/uploads/en_US-XY5-006-treecko.jpg'	),
(	253	,	'Grovyle'	,	'uncommon'	,	'https://pkmncards.com/wp-content/uploads/grovyle-pop-series-4-7.jpg'	),
(	254	,	'Sceptile'	,	'rare'		,	'https://pkmncards.com/wp-content/uploads/sceptile-great-encounters-ge-8.jpg'	),
(	255	,	'Torchic'	,	'common'	,	'https://pkmncards.com/wp-content/uploads/en_US-MCD16-002-torchic.jpg'	),
(	256	,	'Combusken'	,	'uncommon'	,	'https://pkmncards.com/wp-content/uploads/en_US-TK1A-002-combusken.jpg'	),
(	257	,	'Blaziken'	,	'rare'		,	'https://pkmncards.com/wp-content/uploads/blaziken-great-encounters-ge-1.jpg'	),
(	258	,	'Mudkip'	,	'common'	,	'https://pkmncards.com/wp-content/uploads/mudkip-nintendo-black-star-promos-005.jpg'	),
(	259	,	'Marshtomp'	,	'uncommon'	,	'https://pkmncards.com/wp-content/uploads/marshtomp-nintendo-black-star-promos-011.jpg'	),
(	260	,	'Swampert'	,	'rare'		,	'https://pkmncards.com/wp-content/uploads/swampert-great-encounters-ge-9.jpg'	),
(	261	,	'Poochyena'	,	'common'	,	'https://pkmncards.com/wp-content/uploads/en_US-XY4-053-poochyena.jpg'	),
(	262	,	'Mightyena'	,	'uncommon'	,	'https://pkmncards.com/wp-content/uploads/en_US-XY0-017-mightyena.jpg'	),
(	263	,	'Zigzagoon'	,	'common'	,	'https://pkmncards.com/wp-content/uploads/en_US-TK1O-007-zigzagoon.jpg'	),
(	264	,	'Linoone'	,	'uncommon'	,	'https://pkmncards.com/wp-content/uploads/en_US-TK1O-003-linoone.jpg'	),
(	265	,	'Wurmple'	,	'common'	,	'https://pkmncards.com/wp-content/uploads/en_US-XY6-003-wurmple.jpg'	),
(	266	,	'Silcoon'	,	'uncommon'	,	'https://pkmncards.com/wp-content/uploads/en_US-BW6-007-silcoon.jpg'	),
(	267	,	'Beautifly'	,	'rare'		,	'https://pkmncards.com/wp-content/uploads/beautifly-ruby-sapphire-rs-2.jpg'	),
(	268	,	'Cascoon'	,	'uncommon'	,	'https://pkmncards.com/wp-content/uploads/en_US-XY6-006-cascoon.jpg'	),
(	269	,	'Dustox'	,	'rare'		,	'https://pkmncards.com/wp-content/uploads/dustox-ruby-sapphire-rs-6.jpg'	),
(	270	,	'Lotad'		,	'common'	,	'https://pkmncards.com/wp-content/uploads/en_US-SWSH2-007-lotad.jpg'	),
(	271	,	'Lombre'	,	'uncommon'	,	'https://pkmncards.com/wp-content/uploads/en_US-XY5-011-lombre.jpg'	),
(	272	,	'Ludicolo'	,	'rare'		,	'https://pkmncards.com/wp-content/uploads/ludicolo-deoxys-dx-10.jpg'	),
(	273	,	'Seedot'	,	'common'	,	'https://pkmncards.com/wp-content/uploads/en_US-BW4-002-seedot.jpg'	),
(	274	,	'Nuzleaf'	,	'uncommon'	,	'https://pkmncards.com/wp-content/uploads/en_US-XY2-006-nuzleaf.jpg'	),
(	275	,	'Shiftry'	,	'rare'		,	'https://pkmncards.com/wp-content/uploads/en_US-XY2-007-shiftry.jpg'	),
(	276	,	'Taillow'	,	'common'	,	'https://pkmncards.com/wp-content/uploads/en_US-TK9A-007-taillow.jpg'	),
(	277	,	'Swellow'	,	'uncommon'	,	'https://pkmncards.com/wp-content/uploads/swellow-pop-series-1-15.jpg'	),
(	278	,	'Wingull'	,	'common'	,	'https://pkmncards.com/wp-content/uploads/en_US-XY6-018-wingull.jpg'	),
(	279	,	'Pelipper'	,	'uncommon'	,	'https://pkmncards.com/wp-content/uploads/pelipper-ruby-sapphire-rs-19.jpg'	),
(	280	,	'Ralts'		,	'common'	,	'https://pkmncards.com/wp-content/uploads/en_US-XY7-052-ralts.jpg'	),
(	281	,	'Kirlia'	,	'uncommon'	,	'https://pkmncards.com/wp-content/uploads/kirlia-pop-series-7-8.jpg'	),
(	282	,	'Gardevoir'	,	'rare'		,	'https://pkmncards.com/wp-content/uploads/gardevoir-ruby-sapphire-rs-7.jpg'	),
(	283	,	'Surskit'	,	'common'	,	'https://pkmncards.com/wp-content/uploads/en_US-BW10-001-surskit.jpg'	),
(	284	,	'Masquerain'	,	'uncommon'	,	'https://pkmncards.com/wp-content/uploads/masquerain-pop-series-1-7.jpg'	),
(	285	,	'Shroomish'	,	'common'	,	'https://pkmncards.com/wp-content/uploads/en_US-SL-004-shroomish.jpg'	),
(	286	,	'Breloom'	,	'uncommon'	,	'https://pkmncards.com/wp-content/uploads/breloom-deoxys-dx-3.jpg'	),
(	287	,	'Slakoth'	,	'common'	,	'https://pkmncards.com/wp-content/uploads/slakoth-deoxys-dx-73.jpg'	),
(	288	,	'Vigoroth'	,	'uncommon'	,	'https://pkmncards.com/wp-content/uploads/vigoroth-ruby-sapphire-rs-47.jpg'	),
(	289	,	'Slaking'	,	'rare'		,	'https://pkmncards.com/wp-content/uploads/slaking-ruby-sapphire-rs-12.jpg'	),
(	290	,	'Nincada'	,	'common'	,	'https://pkmncards.com/wp-content/uploads/en_US-SM8-029-nincada.jpg'	),
(	291	,	'Ninjask'	,	'uncommon'	,	'https://pkmncards.com/wp-content/uploads/en_US-BW6-011-ninjask.jpg'	),
(	292	,	'Shedinja'	,	'uncommon'	,	'https://pkmncards.com/wp-content/uploads/en_US-XY6-011-shedinja.jpg'	),
(	293	,	'Whismur'	,	'common'	,	'https://pkmncards.com/wp-content/uploads/whismur-crystal-guardians-cg-69.jpg'	),
(	294	,	'Loudred'	,	'uncommon'	,	'https://pkmncards.com/wp-content/uploads/loudred-great-encounters-ge-44.jpg'	),
(	295	,	'Exploud'	,	'rare'		,	'https://pkmncards.com/wp-content/uploads/exploud-emerald-em-3.jpg'	),
(	296	,	'Makuhita'	,	'common'	,	'https://pkmncards.com/wp-content/uploads/en_US-XY3-051-makuhita.jpg'	),
(	297	,	'Hariyama'	,	'uncommon'	,	'https://pkmncards.com/wp-content/uploads/hariyama-ruby-sapphire-rs-8.jpg'	),
(	298	,	'Azurill'	,	'uncommon'	,	'https://pkmncards.com/wp-content/uploads/azurill-sandstorm-ss-31.jpg'	),
(	299	,	'Nosepass'	,	'uncommon'	,	'https://pkmncards.com/wp-content/uploads/nosepass-emerald-em-17.jpg'	),
(	300	,	'Skitty'	,	'common'	,	'https://pkmncards.com/wp-content/uploads/en_US-XY0-028-skitty.jpg'	),
(	301	,	'Delcatty'	,	'uncommon'	,	'https://pkmncards.com/wp-content/uploads/en_US-TK1A-003-delcatty.jpg'	),
(	302	,	'Sableye'	,	'uncommon'	,	'https://pkmncards.com/wp-content/uploads/sableye-power-keepers-pk-22.jpg'	),
(	303	,	'Mawile'	,	'rare'		,	'https://pkmncards.com/wp-content/uploads/mawile-crystal-guardians-cg-9.jpg'	),
(	304	,	'Aron'		,	'common'	,	'https://pkmncards.com/wp-content/uploads/en_US-TATM-012-team_magmas_aron.jpg'	),
(	305	,	'Lairon'	,	'uncommon'	,	'https://pkmncards.com/wp-content/uploads/en_US-TATM-013-team_magmas_lairon.jpg'	),
(	306	,	'Aggron'	,	'rare'		,	'https://pkmncards.com/wp-content/uploads/aggron-power-keepers-pk-1.jpg'	),
(	307	,	'Meditite'	,	'common'	,	'https://pkmncards.com/wp-content/uploads/meditite-dragon-dr-37.jpg'	),
(	308	,	'Medicham'	,	'uncommon'	,	'https://pkmncards.com/wp-content/uploads/medicham-diamond-pearl-dp-32.jpg'	),
(	309	,	'Electrike'	,	'common'	,	'https://pkmncards.com/wp-content/uploads/en_US-TK1O-001-electrike.jpg'	),
(	310	,	'Manectric'	,	'uncommon'	,	'https://pkmncards.com/wp-content/uploads/manectric-platinum-pl-11.jpg'	),
(	311	,	'Plusle'	,	'uncommon'	,	'https://pkmncards.com/wp-content/uploads/plusle-ex-trainer-kit-plusle-tk2p-6.jpg'	),
(	312	,	'Minun'		,	'uncommon'	,	'https://pkmncards.com/wp-content/uploads/minun-ex-trainer-kit-minun-tk2m-6.jpg'	),
(	313	,	'Volbeat'	,	'common'	,	'https://pkmncards.com/wp-content/uploads/en_US-XY1-008-volbeat.jpg'	),
(	314	,	'Illumise'	,	'common'	,	'https://pkmncards.com/wp-content/uploads/en_US-XY1-009-illumise.jpg'	),
(	315	,	'Roselia'	,	'common'	,	'https://pkmncards.com/wp-content/uploads/en_US-SWSH1-002-roselia.jpg'	),
(	316	,	'Gulpin'	,	'common'	,	'https://pkmncards.com/wp-content/uploads/en_US-XY4-037-gulpin.jpg'	),
(	317	,	'Swalot'	,	'uncommon'	,	'https://pkmncards.com/wp-content/uploads/en_US-XY4-038-swalot.jpg'	),
(	318	,	'Carvanha'	,	'uncommon'	,	'https://pkmncards.com/wp-content/uploads/en_US-XY4-038-swalot.jpg'	),
(	319	,	'Sharpedo'	,	'uncommon'	,	'https://pkmncards.com/wp-content/uploads/team-aquas-sharpedo-team-magma-vs-team-aqua-ma-18.jpg'	),
(	320	,	'Wailmer'	,	'uncommon'	,	'https://pkmncards.com/wp-content/uploads/en_US-SM2-029-wailmer.jpg'	),
(	321	,	'Wailord'	,	'rare'		,	'https://pkmncards.com/wp-content/uploads/wailord-legend-maker-lm-14.jpg'	),
(	322	,	'Numel'		,	'common'	,	'https://pkmncards.com/wp-content/uploads/en_US-SM4-013-numel.jpg'	),
(	323	,	'Camerupt'	,	'uncommon'	,	'https://pkmncards.com/wp-content/uploads/camerupt-crystal-guardians-cg-3.jpg'	),
(	324	,	'Torkoal'	,	'common'	,	'https://pkmncards.com/wp-content/uploads/torkoal-pop-series-1-10.jpg'	),
(	325	,	'Spoink'	,	'common'	,	'https://pkmncards.com/wp-content/uploads/en_US-XY1-049-spoink.jpg'	),
(	326	,	'Grumpig'	,	'uncommon'	,	'https://pkmncards.com/wp-content/uploads/grumpig-emerald-em-29.jpg'	),
(	327	,	'Spinda'	,	'uncommon'	,	'https://pkmncards.com/wp-content/uploads/spinda-secret-wonders-sw-111.jpg'	),
(	328	,	'Trapinch'	,	'common'	,	'https://pkmncards.com/wp-content/uploads/en_US-XY3-053-trapinch.jpg'	),
(	329	,	'Vibrava'	,	'uncommon'	,	'https://pkmncards.com/wp-content/uploads/vibrava-dragon-dr-22.jpg'	),
(	330	,	'Flygon'	,	'rare'		,	'https://pkmncards.com/wp-content/uploads/flygon-rising-rivals-rr-5.jpg'	),
(	331	,	'Cacnea'	,	'common'	,	'https://pkmncards.com/wp-content/uploads/en_US-SM4-005-cacnea.jpg'	),
(	332	,	'Cacturne'	,	'uncommon'	,	'https://pkmncards.com/wp-content/uploads/en_US-BW9-010-cacturne.jpg'	),
(	333	,	'Swablu'	,	'uncommon'	,	'https://pkmncards.com/wp-content/uploads/en_US-DM-056-swablu.jpg'	),
(	334	,	'Altaria'	,	'rare'		,	'https://pkmncards.com/wp-content/uploads/altaria-deoxys-dx-1.jpg'	),
(	335	,	'Zangoose'	,	'rare'		,	'https://pkmncards.com/wp-content/uploads/zangoose-sandstorm-ss-14.jpg'	),
(	336	,	'Seviper'	,	'uncommon'	,	'https://pkmncards.com/wp-content/uploads/en_US-COL-051-seviper.jpg'	),
(	337	,	'Lunatone'	,	'uncommon'	,	'https://pkmncards.com/wp-content/uploads/en_US-HGSS4-025-lunatone.jpg'	),
(	338	,	'Solrock'	,	'uncommon'	,	'https://pkmncards.com/wp-content/uploads/solrock-sandstorm-ss-13.jpg'	),
(	339	,	'Barboach'	,	'common'	,	'https://pkmncards.com/wp-content/uploads/en_US-XY5-039-barboach.jpg'	),
(	340	,	'Whiscash'	,	'uncommon'	,	'https://pkmncards.com/wp-content/uploads/whiscash-deoxys-dx-28.jpg'	),
(	341	,	'Corphish'	,	'common'	,	'https://pkmncards.com/wp-content/uploads/en_US-SM4-024-corphish.jpg'	),
(	342	,	'Crawdaunt'	,	'uncommon'	,	'https://pkmncards.com/wp-content/uploads/team-aquas-crawdaunt-team-magma-vs-team-aqua-ma-2.jpg'	),
(	343	,	'Baltoy'	,	'common'	,	'https://pkmncards.com/wp-content/uploads/en_US-XY7-031-baltoy.jpg'	),
(	344	,	'Claydol'	,	'uncommon'	,	'https://pkmncards.com/wp-content/uploads/claydol-deoxys-dx-5.jpg'	),
(	345	,	'Lileep'	,	'common'	,	'https://pkmncards.com/wp-content/uploads/en_US-BW10-003-lileep.jpg'	),
(	346	,	'Cradily'	,	'uncommon'	,	'https://pkmncards.com/wp-content/uploads/cradily-sandstorm-ss-3.jpg'	),
(	347	,	'Anorith'	,	'uncommon'	,	'https://pkmncards.com/wp-content/uploads/anorith-sandstorm-ss-28.jpg'	),
(	348	,	'Armaldo'	,	'rare'		,	'https://pkmncards.com/wp-content/uploads/armaldo-sandstorm-ss-1.jpg'	),
(	349	,	'Feebas'	,	'rare'		,	'https://pkmncards.com/wp-content/uploads/en_US-SM4-026-feebas.jpg'	),
(	350	,	'Milotic'	,	'legendary'	,	'https://pkmncards.com/wp-content/uploads/milotic-hidden-legends-hl-12.jpg'	),
(	351	,	'Castform'	,	'common'	,	'https://pkmncards.com/wp-content/uploads/castform-hidden-legends-hl-30.jpg'	),
(	352	,	'Kecleon'	,	'uncommon'	,	'https://pkmncards.com/wp-content/uploads/en_US-BW9-094-kecleon.jpg'	),
(	353	,	'Shuppet'	,	'common'	,	'https://pkmncards.com/wp-content/uploads/shuppet-crystal-guardians-cg-40.jpg'	),
(	354	,	'Banette'	,	'uncommon'	,	'https://pkmncards.com/wp-content/uploads/banette-power-keepers-pk-4.jpg'	),
(	355	,	'Duskull'	,	'common'	,	'https://pkmncards.com/wp-content/uploads/en_US-XY2-038-duskull.jpg'	),
(	356	,	'Dusclops'	,	'uncommon'	,	'https://pkmncards.com/wp-content/uploads/dusclops-sandstorm-ss-4.jpg'	),
(	357	,	'Tropius'	,	'uncommon'	,	'https://pkmncards.com/wp-content/uploads/en_US-SM12-012-tropius.jpg'	),
(	358	,	'Chimecho'	,	'common'	,	'https://pkmncards.com/wp-content/uploads/chimecho-emerald-em-12.jpg'	),
(	359	,	'Absol'		,	'legendary'	,	'https://pkmncards.com/wp-content/uploads/absol-team-magma-vs-team-aqua-ma-96.jpg'	),
(	360	,	'Wynaut'	,	'uncommon'	,	'https://pkmncards.com/wp-content/uploads/wynaut-diamond-pearl-dp-42.jpg'	),
(	361	,	'Snorunt'	,	'common'	,	'https://pkmncards.com/wp-content/uploads/en_US-BW10-021-snorunt.jpg'	),
(	362	,	'Glalie'	,	'uncommon'	,	'https://pkmncards.com/wp-content/uploads/glalie-arceus-ar-18.jpg'	),
(	363	,	'Spheal'	,	'common'	,	'https://pkmncards.com/wp-content/uploads/en_US-XY2-024-spheal.jpg'	),
(	364	,	'Sealeo'	,	'uncommon'	,	'https://pkmncards.com/wp-content/uploads/en_US-XY2-025-sealeo.jpg'	),
(	365	,	'Walrein'	,	'rare'		,	'https://pkmncards.com/wp-content/uploads/team-aquas-walrein-team-magma-vs-team-aqua-ma-6.jpg'	),
(	366	,	'Clamperl'	,	'uncommon'	,	'https://pkmncards.com/wp-content/uploads/en_US-XY5-049-clamperl.jpg'	),
(	367	,	'Huntail'	,	'rare'		,	'https://pkmncards.com/wp-content/uploads/huntail-legend-maker-lm-18.jpg'	),
(	368	,	'Gorebyss'	,	'rare'		,	'https://pkmncards.com/wp-content/uploads/gorebyss-legend-maker-lm-17.jpg'	),
(	369	,	'Relicanth'	,	'common'	,	'https://pkmncards.com/wp-content/uploads/en_US-XY7-023-relicanth.jpg'	),
(	370	,	'Luvdisc'	,	'common'	,	'https://pkmncards.com/wp-content/uploads/luvdisc-pop-series-2-14.jpg'	),
(	371	,	'Bagon'		,	'uncommon'	,	'https://pkmncards.com/wp-content/uploads/en_US-DM-042-bagon.jpg'	),
(	372	,	'Shelgon'	,	'rare'		,	'https://pkmncards.com/wp-content/uploads/en_US-DV-007-shelgon.jpg'	),
(	373	,	'Salamence'	,	'legendary'	,	'https://pkmncards.com/wp-content/uploads/salamence-dragon-dr-10.jpg'	),
(	374	,	'Beldum'	,	'common'	,	'https://pkmncards.com/wp-content/uploads/beldum-ex-trainer-kit-plusle-tk2p-1.jpg'	),
(	375	,	'Metang'	,	'uncommon'	,	'https://pkmncards.com/wp-content/uploads/en_US-HGSS3-030-metang.jpg'	),
(	376	,	'Metagross'	,	'rare'		,	'https://pkmncards.com/wp-content/uploads/metagross-legends-awakened-la-10.jpg'	),
(	377	,	'Regirock'	,	'legendary'	,	'https://pkmncards.com/wp-content/uploads/en_US-SM4-053-regirock.jpg'	),
(	378	,	'Regice'	,	'legendary'	,	'https://pkmncards.com/wp-content/uploads/en_US-SM4-028-regice.jpg'	),
(	379	,	'Registeel'	,	'legendary'	,	'https://pkmncards.com/wp-content/uploads/registeel-star-legend-maker-lm-92.jpg'	),
(	380	,	'Latias'	,	'mythic'	,	'https://pkmncards.com/wp-content/uploads/en_US-TK1A-004-latias.jpg'	),
(	381	,	'Latios'	,	'mythic'	,	'https://pkmncards.com/wp-content/uploads/en_US-TK1O-002-latios.jpg'	),
(	382	,	'Kyogre'	,	'legendary'	,	'https://pkmncards.com/wp-content/uploads/team-aquas-kyogre-team-magma-vs-team-aqua-ma-3.jpg'	),
(	383	,	'Groudon'	,	'legendary'	,	'https://pkmncards.com/wp-content/uploads/team-magmas-groudon-team-magma-vs-team-aqua-ma-9.jpg'	),
(	384	,	'Rayquaza'	,	'legendary'	,	'https://pkmncards.com/wp-content/uploads/rayquaza-legends-awakened-la-14.jpg'	),
(	385	,	'Jirachi'	,	'mythic'	,	'https://pkmncards.com/wp-content/uploads/jirachi-rising-rivals-rr-7.jpg'	),
(	386	,	'Deoxys'	,	'mythic'	,	'https://pkmncards.com/wp-content/uploads/deoxys-normal-forme-legends-awakened-la-1.jpg'	);



insert into gracz (nick, mail, haslo) values
('admin', 'admin@pokemon.com', 'admin'),
('Ash', 'keczup@pokemon.com', 'ash');

UPDATE Gracz SET kasa = 999999 WHERE ID_GRACZ = 1;

insert into gracz_karta (gracz_id, karta_id) values
(2,1),
(2,2),
(2,3),
(2,4),
(2,5),
(2,6),
(2,7),
(2,8),
(2,150),
(2,15),
(2,40),
(2,12),
(2,24),
(2,75),
(2,56),
(2,127),
(2,128);


insert into gracz_karta (gracz_id, karta_id) values
(1,1),
(1,2),
(1,3),
(1,4),
(1,5),
(1,6),
(1,7),
(1,8),
(1,9),
(1,10),
(1,11),
(1,12),
(1,13),
(1,14),
(1,15),
(1,16),
(1,17),
(1,18),
(1,19),
(1,20),
(1,21),
(1,22),
(1,23),
(1,24),
(1,25),
(1,26),
(1,27),
(1,28),
(1,29),
(1,30),
(1,31),
(1,32),
(1,33),
(1,34),
(1,35),
(1,36),
(1,37),
(1,38),
(1,39),
(1,40),
(1,41),
(1,42),
(1,43),
(1,44),
(1,45),
(1,46),
(1,47),
(1,48),
(1,49),
(1,50),
(1,51),
(1,52),
(1,53),
(1,54),
(1,55),
(1,56),
(1,57),
(1,58),
(1,59),
(1,60),
(1,61),
(1,62),
(1,63),
(1,64),
(1,65),
(1,66),
(1,67),
(1,68),
(1,69),
(1,70),
(1,71),
(1,72),
(1,73),
(1,74),
(1,75),
(1,76),
(1,77),
(1,78),
(1,79),
(1,80),
(1,81),
(1,82),
(1,83),
(1,84),
(1,85),
(1,86),
(1,87),
(1,88),
(1,89),
(1,90),
(1,91),
(1,92),
(1,93),
(1,94),
(1,95),
(1,96),
(1,97),
(1,98),
(1,99),
(1,100),
(1,101),
(1,102),
(1,103),
(1,104),
(1,105),
(1,106),
(1,107),
(1,108),
(1,109),
(1,110),
(1,111),
(1,112),
(1,113),
(1,114),
(1,115),
(1,116),
(1,117),
(1,118),
(1,119),
(1,120),
(1,121),
(1,122),
(1,123),
(1,124),
(1,125),
(1,126),
(1,127),
(1,128),
(1,129),
(1,130),
(1,131),
(1,132),
(1,133),
(1,134),
(1,135),
(1,136),
(1,137),
(1,138),
(1,139),
(1,140),
(1,141),
(1,142),
(1,143),
(1,144),
(1,145),
(1,146),
(1,147),
(1,148),
(1,149),
(1,150),
(1,151),
(1,152),
(1,153),
(1,154),
(1,155),
(1,156),
(1,157),
(1,158),
(1,159),
(1,160),
(1,161),
(1,162),
(1,163),
(1,164),
(1,165),
(1,166),
(1,167),
(1,168),
(1,169),
(1,170),
(1,171),
(1,172),
(1,173),
(1,174),
(1,175),
(1,176),
(1,177),
(1,178),
(1,179),
(1,180),
(1,181),
(1,182),
(1,183),
(1,184),
(1,185),
(1,186),
(1,187),
(1,188),
(1,189),
(1,190),
(1,191),
(1,192),
(1,193),
(1,194),
(1,195),
(1,196),
(1,197),
(1,198),
(1,199),
(1,200),
(1,201),
(1,202),
(1,203),
(1,204),
(1,205),
(1,206),
(1,207),
(1,208),
(1,209),
(1,210),
(1,211),
(1,212),
(1,213),
(1,214),
(1,215),
(1,216),
(1,217),
(1,218),
(1,219),
(1,220),
(1,221),
(1,222),
(1,223),
(1,224),
(1,225),
(1,226),
(1,227),
(1,228),
(1,229),
(1,230),
(1,231),
(1,232),
(1,233),
(1,234),
(1,235),
(1,236),
(1,237),
(1,238),
(1,239),
(1,240),
(1,241),
(1,242),
(1,243),
(1,244),
(1,245),
(1,246),
(1,247),
(1,248),
(1,249),
(1,250),
(1,251),
(1,252),
(1,253),
(1,254),
(1,255),
(1,256),
(1,257),
(1,258),
(1,259),
(1,260),
(1,261),
(1,262),
(1,263),
(1,264),
(1,265),
(1,266),
(1,267),
(1,268),
(1,269),
(1,270),
(1,271),
(1,272),
(1,273),
(1,274),
(1,275),
(1,276),
(1,277),
(1,278),
(1,279),
(1,280),
(1,281),
(1,282),
(1,283),
(1,284),
(1,285),
(1,286),
(1,287),
(1,288),
(1,289),
(1,290),
(1,291),
(1,292),
(1,293),
(1,294),
(1,295),
(1,296),
(1,297),
(1,298),
(1,299),
(1,300),
(1,301),
(1,302),
(1,303),
(1,304),
(1,305),
(1,306),
(1,307),
(1,308),
(1,309),
(1,310),
(1,311),
(1,312),
(1,313),
(1,314),
(1,315),
(1,316),
(1,317),
(1,318),
(1,319),
(1,320),
(1,321),
(1,322),
(1,323),
(1,324),
(1,325),
(1,326),
(1,327),
(1,328),
(1,329),
(1,330),
(1,331),
(1,332),
(1,333),
(1,334),
(1,335),
(1,336),
(1,337),
(1,338),
(1,339),
(1,340),
(1,341),
(1,342),
(1,343),
(1,344),
(1,345),
(1,346),
(1,347),
(1,348),
(1,349),
(1,350),
(1,351),
(1,352),
(1,353),
(1,354),
(1,355),
(1,356),
(1,357),
(1,358),
(1,359),
(1,360),
(1,361),
(1,362),
(1,363),
(1,364),
(1,365),
(1,366),
(1,367),
(1,368),
(1,369),
(1,370),
(1,371),
(1,372),
(1,373),
(1,374),
(1,375),
(1,376),
(1,377),
(1,378),
(1,379),
(1,380),
(1,381),
(1,382),
(1,383),
(1,384),
(1,385),
(1,386);